<?xml version="1.0" encoding="UTF-8"?>
<metadata xml:lang="en"><Esri><CreaDate>20180418</CreaDate><CreaTime>12432500</CreaTime><ArcGISFormat>1.0</ArcGISFormat><SyncOnce>TRUE</SyncOnce><DataProperties><itemProps><itemLocation><linkage Sync="TRUE">file://\\TFDD-DESKTOP\C$\Users\mccrackm\OneDrive for Business\TFDD\TFDDSpatialUpdatePaper\TFDD_SpatialUpdate\GISFiles\NewBCUMaster_201707\BCU310_Master_20180403</linkage><protocol Sync="TRUE">Local Area Network</protocol></itemLocation></itemProps><copyHistory><copy source="C:\Users\mccrackm\OneDrive for Business\TFDD\TFDDSpatialUpdatePaper\TFDD_SpatialUpdate\Josiah_2017_18\Dam Density 2018\Dam Concentration\BCU310_Master_20180403" dest="\\TFDD-DESKTOP\C$\Users\mccrackm\OneDrive for Business\TFDD\TFDDSpatialUpdatePaper\TFDD_SpatialUpdate\GISFiles\NewBCUMaster_201707\BCU310_Master_20180403" date="20180418" time="12432500"></copy></copyHistory></DataProperties></Esri></metadata>
