<?xml version="1.0" encoding="UTF-8"?>
<metadata xml:lang="en"><Esri><CreaDate>20180418</CreaDate><CreaTime>12432500</CreaTime><ArcGISFormat>1.0</ArcGISFormat><SyncOnce>TRUE</SyncOnce><DataProperties><lineage><Process ToolSource="c:\program files (x86)\arcgis\desktop10.5\ArcToolbox\Toolboxes\Data Management Tools.tbx\CalculateField" Date="20180201" Time="160736">CalculateField Basin_Master_GRanD_Existing_WCEA Dams_Exist [Count_] VB #</Process><Process ToolSource="c:\program files (x86)\arcgis\desktop10.5\ArcToolbox\Toolboxes\Data Management Tools.tbx\DeleteField" Date="20180215" Time="135648">DeleteField Basin_Master_GRanD_Existing_WCEA Sum_ALT_YE;Sum_DAM_HG;Sum_ALT_HG;Sum_DAM_LE;Sum_ALT_LE;Sum_AREA_S;Sum_AREA_P;Sum_AREA_R;Sum_AREA_M;Sum_AREA_1;Sum_CAP_MC;Sum_CAP_MA;Sum_CAP_RE;Sum_CAP_MI;Sum_DEPTH_;Sum_DIS_AV;Sum_DOR_PC;Sum_ELEV_M;Sum_CATCH_;Sum_LONG_D;Sum_LAT_DD;Sum_Count;FID_12;BCODE_1;Basin_Na_1;Continent1;Area_km2_1;Pop_2_2008;PopDen20_1;Pop_2_2013;PopDen20_2;Pop_2_2016;PopDen20_3;Pop_2_2021;PopDen20_4;Dams_Exi_1;Dams_Pln_1</Process><Process ToolSource="c:\program files (x86)\arcgis\desktop10.5\ArcToolbox\Toolboxes\Data Management Tools.tbx\DeleteField" Date="20180215" Time="140039">DeleteField Basin_Master_GRanD_Existing_WCEA Count_;Sum_GRAND_;Sum_CATC_1</Process><Process ToolSource="c:\program files (x86)\arcgis\desktop10.5\ArcToolbox\Toolboxes\Data Management Tools.tbx\DefineProjection" Date="20180301" Time="132158">DefineProjection Basin_Master_GRanD_Existing_WCEA PROJCS['World_Robinson',GEOGCS['GCS_WGS_1984',DATUM['D_WGS_1984',SPHEROID['WGS_1984',6378137.0,298.257223563]],PRIMEM['Greenwich',0.0],UNIT['Degree',0.0174532925199433]],PROJECTION['Robinson'],PARAMETER['False_Easting',0.0],PARAMETER['False_Northing',0.0],PARAMETER['Central_Meridian',0.0],UNIT['Meter',1.0]]</Process><Process ToolSource="c:\program files (x86)\arcgis\desktop10.5\ArcToolbox\Toolboxes\Data Management Tools.tbx\DefineProjection" Date="20180301" Time="134233">DefineProjection Basin_Master_GRanD_Existing_WCEA PROJCS['World_Cylindrical_Equal_Area',GEOGCS['GCS_WGS_1984',DATUM['D_WGS_1984',SPHEROID['WGS_1984',6378137.0,298.257223563]],PRIMEM['Greenwich',0.0],UNIT['Degree',0.0174532925199433]],PROJECTION['Cylindrical_Equal_Area'],PARAMETER['False_Easting',0.0],PARAMETER['False_Northing',0.0],PARAMETER['Central_Meridian',0.0],PARAMETER['Standard_Parallel_1',0.0],UNIT['Meter',1.0]]</Process></lineage><itemProps><itemLocation><linkage Sync="TRUE">file://\\TFDD-DESKTOP\C$\Users\mccrackm\OneDrive for Business\TFDD\TFDDSpatialUpdatePaper\TFDD_SpatialUpdate\GISFiles\NewBCUMaster_201707\Basin310_Master_20180403</linkage><protocol Sync="TRUE">Local Area Network</protocol></itemLocation></itemProps><copyHistory><copy source="C:\Users\mccrackm\OneDrive for Business\TFDD\TFDDSpatialUpdatePaper\TFDD_SpatialUpdate\Josiah_2017_18\Dam Density 2018\Dam Concentration\Basin310_Master_20180403" dest="\\TFDD-DESKTOP\C$\Users\mccrackm\OneDrive for Business\TFDD\TFDDSpatialUpdatePaper\TFDD_SpatialUpdate\GISFiles\NewBCUMaster_201707\Basin310_Master_20180403" date="20180418" time="12432500"></copy></copyHistory></DataProperties></Esri></metadata>
